站号,站点名称,时间,温度,气压,湿度,风向,风速,降水量,能见度
58015,砀山,20240811155100,30.40,978.30,76.00,182.30,7.70,0.10,24.50
58102,亳州,20240811155100,5.80,976.70,42.20,304.50,6.20,2.20,0.30
58118,蒙城,20240811155100,27.10,1027.40,45.70,355.90,8.80,7.70,4.90
58122,宿州,20240811155100,11.80,956.40,38.60,240.10,7.60,3.40,20.60
58203,阜阳,20240811155100,23.60,980.90,99.30,339.30,4.40,15.30,1.60
58215,寿县,20240811155100,17.30,1037.50,41.40,358.10,9.40,5.60,22.60
58221,蚌埠,20240811155100,25.80,1001.80,48.20,33.00,9.20,7.90,24.10
58225,定远,20240811155100,8.10,972.90,59.00,39.90,9.30,6.90,35.20
58236,滁州,20240811155100,31.90,1036.30,55.80,25.80,2.40,4.30,5.10
58311,六安,20240811155100,7.00,1040.80,91.90,349.30,3.50,7.30,27.50
58314,霍山,20240811155100,27.90,1047.00,35.30,203.80,8.80,15.50,32.00
58319,桐城,20240811155100,18.30,1032.70,16.10,56.60,5.60,0.30,16.50
58321,合肥,20240811155100,20.10,1033.20,36.90,162.20,4.80,9.90,28.00
58326,巢湖,20240811155100,7.20,1003.40,23.10,179.30,4.20,14.30,3.80
58336,马鞍山,20240811155100,7.80,1003.60,81.30,240.70,5.80,12.70,4.50
58338,芜湖县,20240811155100,9.70,965.40,66.50,303.20,8.10,15.80,39.80
58414,太湖,20240811155100,23.70,1018.20,21.50,69.00,6.60,2.40,31.30
58419,东至,20240811155100,16.60,961.50,69.30,3.90,4.90,15.70,18.40
58424,安庆,20240811155100,29.10,988.00,12.20,346.90,6.80,8.80,22.90
58429,铜陵,20240811155100,7.70,950.70,57.40,202.60,6.10,0.00,25.80
58436,宁国,20240811155100,4.30,997.00,65.60,173.20,0.40,0.30,37.50
58437,黄山,20240811155100,22.10,955.90,38.80,243.70,7.40,11.30,2.80
58520,祁门,20240811155100,17.50,1041.00,96.40,106.60,4.20,14.70,8.80
58531,屯溪,20240811155100,16.10,1012.70,71.70,19.00,3.40,3.10,21.60
54406,延庆,20240811155100,29.70,988.30,22.60,284.20,0.60,7.40,17.50
54416,密云,20240811155100,26.00,1045.70,90.20,223.30,1.60,7.00,22.30
54511,北京,20240811155100,34.20,1012.30,15.10,191.70,8.60,9.60,13.50
58725,邵武,20240811155100,7.80,985.50,52.30,139.10,3.40,1.20,33.30
58730,武夷山,20240811155100,1.80,1038.40,40.10,251.50,1.90,12.70,15.80
58731,浦城,20240811155100,7.50,981.30,18.50,208.80,7.00,6.70,32.10
58734,建阳,20240811155100,23.80,1022.90,14.40,233.20,5.20,2.80,24.90
58737,建瓯,20240811155100,4.00,1021.60,18.50,171.90,2.30,8.00,26.20
58744,寿宁,20240811155100,20.70,955.30,39.60,127.70,8.90,13.70,14.40
58754,福鼎,20240811155100,15.80,1007.70,35.40,148.60,9.00,1.10,37.40
58818,宁化,20240811155100,16.30,993.00,84.70,135.10,5.90,2.40,8.40
58820,泰宁,20240811155100,11.40,959.20,88.50,185.40,0.80,11.00,32.50
58834,南平,20240811155100,18.30,1028.30,58.80,14.00,3.60,1.60,21.70
58837,尤溪,20240811155100,27.50,973.30,91.30,98.50,6.20,8.80,7.10
58843,霞浦,20240811155100,0.30,975.90,79.70,356.60,9.00,11.70,6.90
58846,宁德,20240811155100,25.10,1004.10,70.50,201.70,3.30,7.10,27.20
58847,福州,20240811155100,34.30,1011.30,39.70,257.60,9.60,1.70,26.80
58911,长汀,20240811155100,8.20,1017.30,73.70,315.70,5.90,11.00,9.50
58918,上杭,20240811155100,22.30,961.80,46.60,342.60,3.00,3.60,14.40
58921,永安,20240811155100,12.20,1036.50,46.60,317.30,0.60,3.10,34.30
58926,漳平,20240811155100,24.10,951.40,21.50,133.60,2.80,4.40,31.20
58927,龙岩,20240811155100,12.60,995.40,53.20,20.90,7.90,8.90,11.80
58931,九仙山,20240811155100,28.80,981.90,51.30,31.20,9.00,1.20,9.00
58933,屏南,20240811155100,27.20,990.00,13.50,344.40,6.50,8.10,16.90
58936,仙游,20240811155100,32.10,972.40,31.20,101.40,3.90,3.90,35.00
58944,平潭,20240811155100,6.70,994.40,11.40,184.30,9.80,2.60,0.40
59113,永定,20240811155100,27.70,956.70,27.50,346.80,8.60,0.00,13.20
59126,漳州,20240811155100,7.80,1047.20,57.40,40.00,7.20,4.10,24.40
59133,崇武,20240811155100,13.90,961.40,76.60,261.20,3.90,7.80,2.60
59134,厦门,20240811155100,32.80,961.00,72.80,139.70,5.40,14.20,39.20
59321,东山,20240811155100,0.40,998.80,14.90,73.30,0.70,2.40,15.30
52323,马鬃山,20240811155100,24.40,996.40,98.50,257.40,8.90,14.00,17.50
52418,敦煌,20240811155100,21.30,1007.30,67.10,330.30,8.80,12.90,26.70
52424,瓜州,20240811155100,32.70,962.00,69.40,95.70,3.00,6.20,30.60
52436,玉门镇,20240811155100,33.60,981.70,39.80,294.00,5.70,3.90,2.50
52446,鼎新,20240811155100,11.50,1047.50,87.90,355.90,4.00,1.60,8.50
52447,金塔,20240811155100,23.10,1012.80,31.20,89.40,0.20,2.40,14.90
52533,酒泉,20240811155100,19.00,1032.50,41.70,186.90,4.50,10.30,2.60
52546,高台,20240811155100,7.50,998.50,83.20,11.10,0.20,2.20,20.30
52652,张掖,20240811155100,21.00,983.40,62.90,122.50,0.90,12.00,33.60
52661,山丹,20240811155100,9.90,1002.80,37.30,328.20,5.70,10.60,17.70
52674,永昌,20240811155100,31.10,1042.20,47.80,60.10,4.70,5.50,2.20
52679,武威,20240811155100,34.30,985.80,94.80,42.00,9.60,9.20,13.20
52681,民勤,20240811155100,20.00,1016.60,18.70,86.20,0.00,6.80,3.90
52787,乌鞘岭,20240811155100,11.00,1008.00,82.70,221.10,0.90,6.10,29.40
52797,景泰,20240811155100,11.60,1038.70,82.30,217.70,0.90,6.10,33.00
52884,皋兰,20240811155100,20.60,1004.90,95.20,144.90,0.70,3.20,27.00
52895,靖远,20240811155100,0.50,993.60,75.40,20.60,0.20,11.30,26.80
52983,榆中,20240811155100,20.50,996.20,60.80,356.50,4.20,15.50,12.80
52984,临夏,20240811155100,0.10,958.80,67.40,316.90,7.50,7.70,9.80
52986,临洮,20240811155100,28.60,1035.10,22.80,209.30,0.00,1.20,29.40
52996,华家岭,20240811155100,25.90,998.40,21.60,186.70,2.00,10.20,7.30
53821,环县,20240811155100,2.50,951.60,59.30,143.00,3.00,7.30,19.50
53915,崆峒,20240811155100,27.40,1044.10,17.50,112.80,2.90,9.00,29.70
53923,西峰,20240811155100,5.70,1049.90,79.60,69.30,5.00,5.60,33.80
56074,玛曲,20240811155100,15.20,1000.90,23.30,141.40,4.50,6.10,8.10
56080,合作,20240811155100,31.80,962.40,10.60,99.30,9.20,7.90,2.30
56093,岷县,20240811155100,12.40,960.50,37.00,189.80,4.60,12.50,22.60
56096,武都,20240811155100,32.70,1019.50,27.60,178.40,9.50,2.40,3.00
57014,麦积,20240811155100,29.70,990.00,96.80,285.20,6.10,15.30,26.60
57996,南雄,20240811155100,10.70,1015.50,44.70,62.50,3.10,13.30,1.80
59072,连州,20240811155100,32.50,990.40,59.30,324.90,6.10,0.30,29.90
59082,韶关,20240811155100,0.90,990.80,22.60,168.70,5.60,7.40,22.30
59087,佛冈,20240811155100,20.30,1027.80,80.50,15.20,7.80,1.40,20.40
59088,英德,20240811155100,4.20,1017.90,17.00,279.90,8.60,4.90,17.60
59096,连平,20240811155100,6.70,1007.40,74.60,214.40,7.90,5.90,14.50
59097,新丰,20240811155100,29.20,995.40,84.50,285.20,1.40,4.30,9.10
59107,龙川,20240811155100,17.00,977.70,16.60,332.50,5.50,7.20,27.80
59116,大埔,20240811155100,28.50,994.60,28.20,177.70,7.70,15.30,12.80
59117,梅县,20240811155100,16.40,1042.20,10.40,138.10,9.70,8.20,27.80
59271,广宁,20240811155100,32.80,979.30,12.30,157.20,4.70,2.00,2.40
59278,高要,20240811155100,11.20,1044.30,11.50,238.40,7.20,6.20,11.00
59280,清远,20240811155100,22.90,1030.60,34.00,56.50,0.40,10.20,29.40
59287,广州,20240811155100,18.10,982.70,82.30,224.50,0.20,11.90,37.90
59289,东莞,20240811155100,34.90,1038.20,15.70,27.90,7.50,7.20,20.30
59293,河源,20240811155100,17.50,955.30,12.80,258.90,4.80,5.50,17.30
59294,增城,20240811155100,7.10,1032.90,93.50,70.00,3.50,9.50,1.70
59298,惠阳,20240811155100,28.90,1045.00,21.20,112.10,7.70,9.50,11.80
59303,五华,20240811155100,17.90,991.40,89.70,153.00,4.80,6.60,16.10
59304,紫金,20240811155100,32.40,1043.90,26.50,305.10,9.20,14.50,4.00
59306,揭西,20240811155100,14.20,1049.20,86.50,341.30,2.20,11.30,6.60
59310,丰顺,20240811155100,5.90,1018.00,18.30,84.90,3.00,2.70,32.20
59316,汕头,20240811155100,11.00,1018.20,14.00,329.10,4.90,9.00,37.40
59317,惠来,20240811155100,4.70,989.60,53.50,167.30,3.50,13.20,27.60
59324,南澳,20240811155100,2.90,1044.90,61.60,157.20,4.20,3.40,13.70
59456,信宜,20240811155100,6.40,968.70,35.50,197.30,6.70,3.10,37.40
59462,罗定,20240811155100,25.00,1023.80,54.80,151.00,7.30,8.10,35.30
59478,台山,20240811155100,2.40,1003.10,82.70,242.30,7.90,9.50,4.90
59485,中山,20240811155100,16.70,956.70,92.50,204.60,6.90,8.20,37.00
59488,珠海,20240811155100,11.10,977.60,76.00,347.50,1.50,8.70,20.00
59493,深圳,20240811155100,33.20,1005.80,42.70,8.40,4.90,5.50,34.60
59501,汕尾,20240811155100,12.40,1026.80,30.00,34.80,5.10,6.70,32.30
59658,湛江,20240811155100,8.10,954.20,77.20,149.80,6.20,13.80,29.60
59663,阳江,20240811155100,18.10,979.20,16.70,309.40,2.00,11.90,12.10
59664,电白,20240811155100,28.50,1014.60,52.10,36.90,5.70,0.00,5.40
59673,上川岛,20240811155100,10.80,1047.60,40.00,108.40,9.60,9.20,18.40
59754,徐闻,20240811155100,14.80,958.00,80.70,207.90,7.40,8.00,32.90
57947,融安,20240811155100,33.80,1043.00,12.50,127.10,2.20,12.40,36.50
57957,桂林,20240811155100,24.20,997.50,28.60,122.90,7.40,12.00,39.80
57958,雁山,20240811155100,33.10,1026.00,40.40,134.10,8.80,3.70,2.50
59021,凤山,20240811155100,13.50,950.90,40.90,208.50,4.10,10.80,16.40
59023,河池,20240811155100,31.60,1044.80,74.50,255.60,7.80,11.00,22.80
59027,巴马,20240811155100,15.20,1036.70,24.50,19.40,4.20,2.40,22.30
59037,都安,20240811155100,6.80,1024.40,47.40,339.90,5.60,5.00,29.20
59046,柳州,20240811155100,9.50,1038.70,16.90,188.20,4.90,15.80,36.70
59058,蒙山,20240811155100,24.00,1044.70,18.30,100.60,4.70,4.80,31.50
59065,八步,20240811155100,12.80,1025.00,34.30,353.00,1.70,8.00,7.70
59209,那坡,20240811155100,11.20,1032.40,85.20,348.00,6.80,2.60,3.20
59211,百色,20240811155100,2.70,960.90,17.60,292.20,9.60,14.60,0.40
59218,靖西,20240811155100,9.50,967.60,82.30,328.80,7.50,8.60,29.40
59228,平果,20240811155100,22.30,1023.40,80.90,195.30,8.40,6.40,28.30
59242,来宾,20240811155100,0.40,1004.50,36.00,331.80,2.10,5.30,35.00
59254,桂平,20240811155100,19.00,1049.10,43.40,241.90,0.00,13.10,14.10
59265,梧州,20240811155100,24.90,1005.70,39.70,84.60,3.30,10.00,13.40
59417,龙州,20240811155100,15.90,1027.80,48.10,208.40,1.20,14.20,3.70
59431,南宁,20240811155100,14.80,1014.70,67.20,195.40,4.40,15.30,2.40
59446,灵山,20240811155100,31.50,1029.80,57.50,210.70,8.90,2.10,12.60
59453,玉林,20240811155100,9.20,997.20,11.90,44.30,8.10,2.80,8.90
59626,东兴,20240811155100,16.50,1038.80,17.60,267.60,1.80,15.70,31.20
59631,防城,20240811155100,23.00,1019.90,90.10,243.10,9.80,1.30,33.70
59632,钦州,20240811155100,9.40,970.60,86.20,266.00,5.60,12.90,31.90
59644,北海,20240811155100,4.80,1005.00,44.60,214.00,7.50,10.50,13.50
59647,涠洲岛,20240811155100,25.60,963.40,42.40,302.30,7.40,11.20,5.10
56691,威宁,20240811155100,9.30,1020.90,76.30,327.50,6.10,5.60,5.80
56693,水城,20240811155100,1.10,1009.00,44.80,220.60,4.80,10.20,6.60
56792,普安,20240811155100,15.50,980.30,78.50,320.30,0.50,6.30,9.50
56793,盘县,20240811155100,33.00,1030.10,93.00,8.90,8.70,0.60,31.20
57606,桐梓,20240811155100,21.10,965.90,91.60,280.60,2.00,15.10,3.40
57614,习水,20240811155100,23.10,1034.80,34.40,174.50,3.80,15.20,35.10
57625,正安,20240811155100,8.60,1035.40,86.90,64.30,0.90,3.40,24.60
57647,松桃,20240811155100,21.50,959.00,39.30,9.50,9.10,12.30,18.40
57707,毕节,20240811155100,17.80,978.20,74.90,99.10,4.10,7.70,15.00
57710,仁怀,20240811155100,1.30,1004.80,23.60,199.50,4.80,10.00,14.00
57712,汇川,20240811155100,28.60,962.50,64.30,252.50,3.10,1.20,32.00
57718,息烽,20240811155100,14.10,961.80,91.90,355.60,0.80,9.20,0.30
57722,湄潭,20240811155100,25.10,958.80,44.00,62.90,7.00,6.10,37.30
57729,余庆,20240811155100,6.30,975.80,22.30,17.60,0.60,13.10,12.30
57731,思南,20240811155100,10.70,989.10,71.50,49.30,6.80,9.80,17.00
57741,铜仁,20240811155100,20.00,977.00,14.30,99.30,8.90,8.20,14.90
57803,黔西,20240811155100,29.90,967.40,30.40,140.10,6.20,0.40,38.20
57805,织金,20240811155100,18.40,968.50,25.50,334.70,9.50,11.00,27.60
57806,安顺,20240811155100,20.40,1034.10,49.90,6.10,8.50,13.50,10.60
57816,贵阳,20240811155100,10.30,1012.50,22.90,60.50,9.60,11.20,39.80
57825,凯里,20240811155100,33.70,1013.40,89.90,193.80,0.80,12.40,13.90
57827,都匀,20240811155100,2.30,1010.00,12.20,195.90,8.60,10.90,10.70
57832,三穗,20240811155100,13.10,1016.00,88.30,13.50,0.10,9.40,14.80
57839,黎平,20240811155100,28.80,1020.10,95.50,309.20,2.70,8.40,9.70
57840,天柱,20240811155100,32.50,985.60,89.60,316.40,9.00,3.50,30.20
57902,兴仁,20240811155100,20.00,1005.10,44.20,177.30,5.20,11.60,13.30
57906,望谟,20240811155100,4.00,1039.70,19.20,142.30,5.70,12.70,31.10
57907,兴义,20240811155100,16.10,1016.10,15.90,244.90,6.30,7.40,29.30
57910,紫云,20240811155100,4.20,1005.00,39.10,301.70,0.60,11.90,18.10
57912,惠水,20240811155100,34.60,1013.40,58.30,159.90,3.80,15.70,12.40
57916,罗甸,20240811155100,34.00,964.50,95.70,278.00,4.30,0.10,15.50
57922,独山,20240811155100,0.00,962.80,56.60,316.30,4.20,12.60,36.50
57926,荔波,20240811155100,15.70,1029.20,55.80,329.90,4.30,8.90,26.80
57932,榕江,20240811155100,4.90,978.80,94.90,289.80,7.50,8.40,9.70
59758,海口,20240811155100,1.30,1046.20,82.10,185.50,5.90,11.10,18.70
59838,东方,20240811155100,20.20,968.40,94.20,5.50,1.30,0.90,1.80
59845,儋州,20240811155100,15.70,1043.50,88.30,41.60,7.90,11.40,11.50
59849,琼中,20240811155100,22.20,954.30,33.50,347.20,8.40,14.40,32.20
59855,琼海,20240811155100,20.90,1012.00,27.10,172.40,8.20,3.20,37.90
59948,三亚,20240811155100,9.40,1007.50,31.80,249.60,6.00,14.00,15.10
59954,陵水,20240811155100,32.50,952.10,52.20,78.40,0.80,13.70,0.00
59981,西沙,20240811155100,33.80,1015.10,56.70,101.00,9.50,0.20,3.40
53399,张北,20240811155100,8.10,1003.80,25.60,289.00,5.80,8.70,16.60
53593,蔚县,20240811155100,9.30,997.20,29.70,328.70,4.70,13.50,18.30
53698,石家庄,20240811155100,5.90,1012.70,38.70,18.40,4.90,0.90,16.80
53798,邢台,20240811155100,25.70,971.80,52.00,334.50,7.00,2.70,35.60
54308,丰宁,20240811155100,6.70,1048.90,89.00,344.80,7.90,13.90,29.00
54311,围场,20240811155100,18.80,1032.60,35.60,173.10,5.00,2.50,17.00
54401,张家口,20240811155100,15.00,1022.00,15.30,40.90,4.70,3.20,19.40
54405,怀来,20240811155100,24.60,1025.30,81.40,115.40,7.20,3.50,5.10
54423,承德,20240811155100,19.40,1027.40,90.70,171.10,6.40,3.00,31.10
54429,遵化,20240811155100,19.50,970.10,90.10,243.30,2.70,4.90,11.60
54436,青龙,20240811155100,3.00,1021.40,38.60,68.00,3.40,11.20,28.90
54449,秦皇岛,20240811155100,23.30,1048.40,93.50,68.20,3.80,14.20,18.80
54518,霸州,20240811155100,1.20,1038.90,23.90,305.60,6.30,11.90,36.70
54534,唐山,20240811155100,27.90,960.10,17.80,317.50,0.20,11.10,0.80
54535,唐海,20240811155100,13.10,1014.00,92.50,91.10,5.40,4.30,39.10
54539,乐亭,20240811155100,24.00,985.50,13.30,142.50,4.00,2.80,10.70
54602,保定,20240811155100,33.00,982.20,49.50,49.20,1.10,5.50,30.00
54606,饶阳,20240811155100,7.50,978.60,41.90,165.40,8.70,4.90,38.10
54618,泊头,20240811155100,13.90,978.00,74.20,297.00,7.20,9.90,23.40
54624,黄骅,20240811155100,32.80,1028.20,22.50,351.80,3.80,9.00,14.30
54705,南宫,20240811155100,23.00,1037.90,90.30,286.00,0.10,9.80,10.40
53898,安阳,20240811155100,11.50,1028.50,80.40,204.00,7.10,14.30,4.60
53986,新乡,20240811155100,5.80,1017.20,68.00,114.70,0.40,0.20,7.00
57051,三门峡,20240811155100,27.60,984.10,10.40,95.40,2.30,0.10,2.40
57067,卢氏,20240811155100,11.10,1039.20,61.90,189.10,2.30,8.20,30.30
57071,孟津,20240811155100,22.60,1027.30,20.70,64.10,5.80,12.30,23.30
57077,栾川,20240811155100,3.00,1023.80,33.20,104.00,6.20,13.20,14.00
57083,郑州,20240811155100,6.60,1043.40,21.00,199.40,2.70,14.60,10.00
57084,嵩山,20240811155100,30.00,1019.90,42.40,196.40,9.10,11.60,20.70
57089,许昌,20240811155100,11.40,957.00,71.10,34.30,4.30,7.00,18.40
57091,开封,20240811155100,15.40,953.40,27.00,78.40,7.20,12.20,17.60
57156,西峡,20240811155100,3.70,1046.60,61.60,355.30,5.20,4.60,34.80
57178,南阳,20240811155100,32.90,1024.40,54.80,42.90,4.40,12.50,39.30
57181,宝丰,20240811155100,8.50,1037.30,10.10,170.20,4.30,2.40,4.50
57193,西华,20240811155100,13.90,983.40,48.10,289.30,2.00,10.30,2.90
57285,桐柏,20240811155100,29.50,995.70,30.50,213.20,2.30,4.20,3.70
57290,驻马店,20240811155100,12.50,970.00,58.50,35.40,4.50,14.60,33.60
57297,信阳,20240811155100,29.10,1016.30,62.90,292.80,3.60,0.20,23.00
58005,商丘,20240811155100,28.10,1019.80,52.70,52.20,3.30,12.10,21.50
58111,永城,20240811155100,25.50,1036.40,99.60,95.00,2.20,3.40,23.40
58208,固始,20240811155100,4.70,977.60,87.20,157.30,2.80,12.90,27.90
50136,漠河,20240811155100,27.50,1044.70,21.50,106.60,1.00,9.70,39.50
50246,塔河,20240811155100,19.80,1027.90,67.70,308.20,3.00,3.70,0.40
50247,呼中,20240811155100,16.50,1037.00,82.00,232.00,8.60,4.80,2.30
50349,新林,20240811155100,6.00,962.20,25.70,105.80,5.00,4.90,18.30
50353,呼玛,20240811155100,7.90,999.10,26.20,25.60,3.80,11.80,7.50
50442,加格达奇,20240811155100,9.90,1047.50,12.20,149.90,0.60,15.10,18.10
50468,爱辉,20240811155100,8.60,1040.80,18.60,315.10,3.00,11.80,22.40
50557,嫩江,20240811155100,16.70,1042.60,84.70,72.90,0.10,2.40,18.70
50564,孙吴,20240811155100,15.10,968.60,97.00,28.20,7.70,6.50,9.10
50656,北安,20240811155100,11.50,956.30,26.60,151.60,9.00,10.80,16.80
50658,克山,20240811155100,24.80,979.10,54.90,158.50,0.00,0.70,28.80
50674,乌伊岭,20240811155100,23.20,1029.70,56.40,285.10,7.60,7.10,38.10
50739,龙江,20240811155100,17.70,986.80,12.00,258.00,5.40,1.10,6.30
50742,富裕,20240811155100,8.10,1032.80,90.60,269.80,9.10,11.20,16.70
50745,齐齐哈尔,20240811155100,28.30,991.20,23.50,68.10,0.30,7.60,21.80
50756,海伦,20240811155100,10.50,982.40,95.90,213.80,2.10,12.30,14.10
50758,明水,20240811155100,14.90,1048.70,62.20,102.60,5.50,0.30,0.70
50774,伊春,20240811155100,15.90,1038.60,32.20,269.20,1.40,0.00,14.20
50778,同江,20240811155100,0.70,985.20,80.90,19.00,1.60,0.40,2.30
50788,富锦,20240811155100,16.90,998.10,69.40,122.70,5.70,1.30,16.50
50844,泰来,20240811155100,18.00,1022.80,45.80,158.00,1.50,14.10,15.80
50853,北林,20240811155100,17.00,1012.40,96.50,193.10,6.20,5.90,17.50
50854,安达,20240811155100,7.60,951.90,37.00,88.50,2.30,9.90,27.50
50862,铁力,20240811155100,23.90,1047.60,35.00,141.10,0.90,4.40,23.80
50873,佳木斯,20240811155100,16.60,1014.90,75.50,94.80,7.80,13.30,12.80
50877,依兰,20240811155100,29.30,1029.40,78.70,191.60,7.00,0.40,19.90
50888,宝清,20240811155100,18.20,979.60,62.70,116.00,6.70,11.70,4.50
50950,肇州,20240811155100,24.10,982.80,57.20,358.20,0.40,12.30,19.30
50953,哈尔滨,20240811155100,6.50,1001.90,58.30,258.30,6.90,9.80,33.20
50955,双城,20240811155100,29.70,1045.20,76.00,179.20,9.80,13.90,6.00
50963,通河,20240811155100,31.90,1035.60,56.00,30.10,5.20,13.90,26.20
50968,尚志,20240811155100,22.10,1043.60,95.90,331.40,6.40,5.20,9.70
50973,勃利,20240811155100,22.10,1015.50,34.20,198.60,7.40,6.60,17.00
50978,鸡西,20240811155100,34.50,986.40,10.20,244.20,6.80,3.40,18.70
50983,虎林,20240811155100,21.70,986.60,94.70,123.60,2.20,5.90,28.90
54094,牡丹江,20240811155100,12.60,1049.80,50.30,229.70,8.60,12.30,1.20
54096,绥芬河,20240811155100,5.10,1039.50,96.10,282.40,5.00,1.50,1.00
57251,郧西,20240811155100,17.60,978.10,48.00,257.20,9.80,7.40,16.60
57256,十堰,20240811155100,1.60,1024.90,50.50,343.30,6.70,7.30,22.10
57259,房县,20240811155100,18.90,1046.40,11.10,176.70,1.50,13.40,6.40
57265,老河口,20240811155100,10.10,1042.90,82.80,30.40,2.40,4.10,32.80
57278,襄樊,20240811155100,27.60,979.70,83.90,35.50,7.80,7.10,7.90
57279,枣阳,20240811155100,22.80,1040.60,94.50,19.50,0.70,7.10,38.00
57355,巴东,20240811155100,32.60,955.60,40.20,131.50,7.20,7.30,23.40
57358,秭归,20240811155100,13.70,1037.90,99.80,184.10,0.90,3.90,14.50
57359,兴山,20240811155100,8.50,982.00,87.40,246.40,6.90,12.50,1.90
57363,南漳,20240811155100,10.00,1013.60,49.80,142.80,9.40,5.50,2.30
57378,钟祥,20240811155100,20.30,1029.80,95.60,87.90,5.40,15.80,14.60
57381,随州,20240811155100,27.70,1017.10,98.00,286.60,0.20,11.90,30.70
57395,大悟,20240811155100,21.30,1021.00,65.30,100.10,8.20,15.90,26.50
57399,麻城,20240811155100,25.20,974.40,13.60,145.20,3.20,4.60,3.20
57439,利川,20240811155100,7.70,988.10,20.80,118.00,8.00,12.40,1.20
57445,建始,20240811155100,28.60,982.20,85.80,296.50,4.50,5.90,23.20
57447,恩施,20240811155100,29.90,1007.00,79.10,6.30,8.00,6.40,26.40
57458,五峰,20240811155100,31.40,1027.50,18.10,91.80,1.90,7.70,32.20
57461,宜昌,20240811155100,15.20,1030.30,95.50,173.10,8.40,12.30,6.30
57476,荆州,20240811155100,11.60,1017.90,67.50,290.30,5.30,15.40,22.00
57482,孝感,20240811155100,34.80,987.30,20.40,29.70,9.50,1.60,31.20
57483,天门,20240811155100,22.50,989.20,67.60,314.10,6.80,1.70,6.00
57493,江夏,20240811155100,8.90,1002.60,28.20,199.10,2.90,1.70,7.40
57494,武汉,20240811155100,1.60,955.20,53.80,353.40,3.10,8.50,38.90
57545,来凤,20240811155100,13.40,1049.90,81.00,253.40,2.40,13.40,38.40
57573,监利,20240811155100,26.90,981.00,69.60,294.60,0.30,10.50,8.80
57581,洪湖,20240811155100,2.30,993.40,40.00,96.20,6.10,8.20,10.60
57583,嘉鱼,20240811155100,19.20,1047.20,58.00,90.80,2.40,3.00,4.30
57595,通山,20240811155100,15.80,993.60,23.20,154.40,8.70,3.40,7.90
58402,英山,20240811155100,21.40,1030.90,81.50,208.30,7.10,15.10,18.20
58407,黄石,20240811155100,22.40,958.80,52.20,34.90,7.50,8.20,11.20
58500,阳新,20240811155100,23.60,1005.60,81.80,263.00,2.80,11.00,29.10
57554,桑植,20240811155100,30.30,987.30,93.40,161.30,0.90,15.80,35.70
57562,石门,20240811155100,19.80,1016.50,18.80,81.20,7.40,0.30,4.80
57574,南县,20240811155100,29.50,1016.70,93.00,67.20,5.50,0.40,22.10
57584,岳阳,20240811155100,18.00,1017.80,68.50,141.80,3.40,5.50,4.90
57642,保靖,20240811155100,6.30,990.60,54.00,186.80,7.90,6.60,28.10
57649,吉首,20240811155100,19.00,999.60,49.00,8.80,6.10,9.90,5.30
57655,沅陵,20240811155100,13.50,1008.20,40.10,253.30,0.10,12.30,35.70
57662,常德,20240811155100,20.70,1018.70,83.00,233.90,1.70,9.60,15.80
57669,安化,20240811155100,0.10,977.10,75.90,246.60,2.90,5.10,28.60
57671,沅江,20240811155100,11.00,1017.70,81.90,330.00,2.50,15.00,14.10
57673,湘阴,20240811155100,28.70,974.10,89.40,27.40,7.50,13.50,35.90
57679,马坡岭,20240811155100,7.70,1003.00,81.60,308.60,1.70,7.90,22.50
57682,平江,20240811155100,28.40,1031.50,33.50,123.70,3.80,12.60,5.60
57687,长沙,20240811155100,12.00,1019.70,14.20,138.00,2.60,9.40,23.30
57745,芷江,20240811155100,25.20,1042.40,22.60,269.10,1.70,12.00,11.70
57749,怀化,20240811155100,24.20,986.70,57.70,142.10,9.70,10.50,5.90
57752,溆浦,20240811155100,21.60,1024.40,23.70,255.20,5.90,1.20,18.90
57758,洞口,20240811155100,25.00,987.10,49.70,317.00,2.00,6.00,15.00
57761,新化,20240811155100,14.70,1045.40,43.50,155.10,3.00,2.10,19.40
57766,邵阳市,20240811155100,24.90,1043.30,21.10,359.10,5.20,14.80,16.50
57774,双峰,20240811155100,20.10,983.40,72.40,111.90,7.80,6.10,7.10
57776,南岳,20240811155100,29.00,1048.60,41.30,249.20,0.90,9.00,6.20
57779,攸县,20240811155100,32.90,1040.20,46.40,262.80,0.80,13.20,17.90
57780,株洲,20240811155100,18.80,1021.30,52.50,93.70,9.90,7.70,8.10
57841,靖州,20240811155100,5.10,967.70,79.80,350.50,6.30,2.20,22.40
57845,通道,20240811155100,29.20,993.60,34.80,168.40,7.40,6.10,17.60
57853,武冈,20240811155100,18.30,992.30,99.00,221.20,2.60,3.40,4.10
57857,城步,20240811155100,23.40,970.60,17.20,92.50,7.20,1.80,21.40
57860,邵阳县,20240811155100,7.30,1043.50,29.50,327.40,6.40,4.50,33.10
57866,永州,20240811155100,17.80,1036.80,75.60,42.20,5.60,3.60,10.60
57872,衡阳市,20240811155100,18.00,971.70,13.40,31.30,9.20,10.40,7.70
57874,常宁,20240811155100,6.80,983.00,31.80,240.50,8.90,8.30,13.00
57889,桂东,20240811155100,31.30,1004.10,84.40,13.60,2.80,11.20,16.20
57965,道县,20240811155100,29.20,973.70,49.40,322.00,5.70,12.20,4.20
57972,郴州,20240811155100,26.50,1025.80,50.00,129.50,2.70,4.60,36.00
57974,嘉禾,20240811155100,1.90,1036.20,79.00,299.00,9.30,10.80,14.70
50936,白城,20240811155100,3.40,1045.10,82.90,129.90,4.40,12.50,23.50
50945,大安,20240811155100,22.20,1001.70,49.70,111.70,0.70,12.30,33.70
50948,乾安,20240811155100,26.60,1049.70,93.20,138.20,5.50,11.20,22.90
50949,前郭,20240811155100,13.40,961.90,94.20,255.40,8.10,5.20,29.60
54041,通榆,20240811155100,7.60,989.20,34.30,151.20,4.40,11.20,1.10
54049,长岭,20240811155100,24.00,1044.90,74.60,281.30,6.70,11.60,33.00
54063,扶余,20240811155100,17.60,1029.10,31.90,224.20,8.90,15.10,37.60
54064,农安,20240811155100,9.60,1023.60,20.60,233.10,0.70,6.00,3.70
54142,双辽,20240811155100,13.80,973.20,78.50,166.70,2.40,4.00,37.90
54157,四平,20240811155100,27.00,980.40,74.30,306.10,5.30,14.10,22.60
54161,长春,20240811155100,22.20,1018.90,95.60,219.80,8.10,0.70,39.30
54165,双阳,20240811155100,17.20,997.90,22.10,227.00,6.70,15.90,15.30
54171,永吉,20240811155100,22.40,987.90,74.20,71.40,1.10,10.70,38.10
54181,蛟河,20240811155100,33.80,995.90,31.30,330.80,6.30,9.60,32.10
54186,敦化,20240811155100,6.70,1004.90,74.70,148.90,3.90,9.50,4.00
54195,汪清,20240811155100,12.20,1048.30,28.50,69.40,1.40,6.60,11.60
54260,辽源,20240811155100,28.10,1028.60,57.00,15.50,1.70,1.20,6.90
54263,磐石,20240811155100,2.90,989.20,70.30,206.90,5.10,15.60,12.90
54266,梅河口,20240811155100,26.50,962.40,25.10,18.40,7.30,11.80,7.30
54273,桦甸,20240811155100,1.20,970.60,16.50,178.40,8.90,13.00,3.00
54276,靖宇,20240811155100,10.30,980.90,24.70,153.60,9.50,4.90,9.10
54284,东岗,20240811155100,16.20,1008.10,91.20,169.30,7.30,11.50,11.40
54285,二道,20240811155100,17.70,1008.30,34.40,39.20,0.70,5.50,17.60
54286,和龙?,20240811155100,28.10,1014.50,60.10,324.50,5.10,13.90,18.20
54292,延吉,20240811155100,34.20,976.90,56.40,259.50,3.00,10.30,8.30
54363,通化?,20240811155100,2.50,993.20,62.60,139.00,6.60,7.90,23.50
54374,临江,20240811155100,34.10,985.40,75.00,226.80,3.80,3.40,26.00
54377,集安,20240811155100,9.70,994.10,68.80,93.00,8.60,6.20,17.60
54386,长白,20240811155100,24.00,1026.10,41.00,68.20,8.20,2.60,3.00
58026,邳州,20240811155100,16.30,959.00,41.30,69.00,7.40,0.00,8.00
58027,徐州,20240811155100,4.00,957.90,86.80,273.20,8.50,13.80,20.00
58038,沭阳,20240811155100,22.50,1006.40,61.30,302.50,0.50,11.30,35.50
58040,赣榆,20240811155100,14.30,979.50,18.30,93.30,5.60,2.50,1.60
58047,灌云,20240811155100,19.10,987.20,54.60,290.40,6.20,11.10,39.40
58130,睢宁,20240811155100,23.60,1025.10,42.70,177.70,8.20,13.50,6.10
58135,泗洪,20240811155100,12.00,1021.30,71.30,14.70,2.90,14.60,37.20
58138,盱眙,20240811155100,13.40,963.20,92.80,327.70,2.70,12.30,16.30
58141,淮安,20240811155100,13.60,1000.90,63.10,202.70,8.10,4.90,13.10
58143,阜宁,20240811155100,9.30,974.00,57.70,123.10,4.40,10.40,16.00
58150,射阳,20240811155100,22.80,1049.90,52.10,199.80,6.40,14.70,14.60
58158,大丰,20240811155100,14.30,986.50,97.00,7.90,9.70,11.00,10.90
58238,南京,20240811155100,7.70,1021.40,57.20,186.50,7.50,8.30,29.20
58241,高邮,20240811155100,5.60,983.20,87.50,335.10,2.40,13.20,18.20
58251,东台,20240811155100,6.80,960.90,59.50,54.70,0.80,14.80,9.70
58252,丹徒,20240811155100,22.50,1035.50,34.30,261.80,2.10,2.60,25.00
58255,如皋,20240811155100,22.00,1011.60,85.90,294.70,8.20,15.10,1.20
58259,南通,20240811155100,5.70,968.60,75.60,231.30,7.00,15.10,1.60
58265,吕泗,20240811155100,19.40,1033.60,55.10,141.50,9.70,12.60,36.20
58343,常州,20240811155100,30.50,1041.40,15.90,128.20,2.20,9.50,25.30
58345,溧阳,20240811155100,14.30,1022.10,50.30,116.50,8.90,6.20,11.30
58354,无锡,20240811155100,32.20,994.50,92.50,298.10,3.10,14.20,4.70
58356,昆山,20240811155100,10.30,1046.50,36.30,124.70,5.30,5.40,26.20
58358,东山,20240811155100,0.00,1011.20,27.60,340.80,7.90,15.60,29.00
57598,修水,20240811155100,25.10,1034.30,64.30,349.60,6.40,0.60,26.10
57696,宜丰,20240811155100,15.50,976.00,77.40,72.90,0.50,13.20,11.10
57789,莲花,20240811155100,3.80,988.60,21.00,234.10,0.30,1.30,34.10
57793,宜春,20240811155100,30.70,984.00,15.50,185.90,5.20,9.20,6.70
57799,吉安县,20240811155100,18.10,1002.00,21.00,163.20,6.30,8.50,28.00
57894,井冈山,20240811155100,32.90,1035.20,94.20,23.60,6.40,6.80,16.60
57896,遂川,20240811155100,22.00,962.00,32.90,345.80,5.80,9.90,15.20
57993,赣县,20240811155100,16.20,976.40,64.50,177.10,0.40,4.00,3.00
58506,庐山,20240811155100,0.70,1038.40,95.00,138.80,5.60,7.20,17.30
58507,武宁,20240811155100,12.10,961.70,25.30,250.20,2.10,3.50,33.90
58519,波阳,20240811155100,13.60,956.40,25.70,315.60,3.60,7.80,16.60
58527,景德镇,20240811155100,4.70,1027.70,97.00,10.90,4.10,15.50,23.20
58600,靖安,20240811155100,29.60,1001.60,31.40,195.50,5.20,2.40,14.30
58606,南昌,20240811155100,15.90,1007.60,26.80,258.00,4.60,8.20,23.50
58608,樟树,20240811155100,6.70,996.90,77.40,195.30,8.50,2.30,26.10
58622,德兴,20240811155100,17.20,972.10,22.80,292.10,9.80,13.80,18.20
58626,贵溪,20240811155100,24.10,966.60,61.40,178.90,8.20,14.80,9.60
58634,玉山,20240811155100,3.60,954.50,99.20,109.50,7.30,6.00,2.80
58637,上饶,20240811155100,17.10,1028.20,86.30,73.90,5.20,14.90,29.20
58705,永丰,20240811155100,23.70,1007.20,75.40,211.10,9.30,13.40,23.20
58715,南城,20240811155100,9.30,1008.40,16.60,148.60,5.00,6.00,2.80
58718,南丰,20240811155100,18.40,1026.10,92.40,197.10,5.80,15.60,21.80
58806,宁都,20240811155100,23.30,1047.70,69.80,165.50,1.10,1.30,39.40
58813,广昌,20240811155100,6.30,965.40,73.80,25.30,2.60,10.40,31.60
59092,龙南,20240811155100,32.10,973.00,40.10,56.60,1.50,6.70,5.30
59102,寻乌,20240811155100,16.70,1030.00,98.10,210.20,1.30,7.70,2.50
54236,彰武,20240811155100,22.10,1017.40,19.50,130.60,5.10,7.40,16.10
54237,阜新,20240811155100,31.20,985.90,10.70,307.80,1.40,2.60,8.30
54243,昌图,20240811155100,14.20,994.20,55.10,66.40,7.30,13.20,38.20
54254,开原,20240811155100,34.00,977.20,73.50,75.70,7.20,6.80,1.10
54259,清原,20240811155100,33.50,1032.60,83.60,40.80,0.00,2.40,11.40
54324,朝阳,20240811155100,5.30,1023.00,32.80,21.70,8.90,9.50,4.70
54326,建平县,20240811155100,15.50,953.30,53.00,234.80,7.60,0.20,16.40
54333,新民,20240811155100,29.90,1018.60,84.60,218.90,5.80,10.20,9.80
54334,义县,20240811155100,3.20,950.20,61.00,156.70,8.00,9.80,32.70
54335,黑山,20240811155100,28.00,1018.20,24.20,293.50,1.20,11.00,30.50
54337,锦州,20240811155100,10.40,950.50,35.20,40.90,9.10,3.50,30.90
54339,鞍山,20240811155100,6.70,1021.70,57.30,196.80,5.50,6.00,10.90
54342,沈阳,20240811155100,31.60,1045.40,10.70,324.80,0.80,10.90,36.80
54346,本溪,20240811155100,18.90,1026.80,69.50,192.10,0.20,4.90,5.70
54349,本溪县,20240811155100,11.70,1045.90,96.20,302.10,1.70,2.60,18.20
54351,抚顺,20240811155100,15.80,980.10,99.20,352.70,7.00,8.50,29.50
54353,新宾,20240811155100,27.60,983.70,80.40,239.20,4.30,0.30,39.20
54365,桓仁,20240811155100,25.20,973.30,76.00,244.10,5.30,1.60,36.20
54452,建昌,20240811155100,0.50,1004.50,37.10,272.20,5.70,12.50,9.50
54454,绥中,20240811155100,7.60,965.20,37.80,43.40,5.30,13.00,31.30
54455,兴城,20240811155100,32.40,958.70,60.80,130.20,7.70,8.40,9.40
54470,大洼,20240811155100,12.00,1017.90,48.60,97.20,6.40,15.90,16.50
54471,营口,20240811155100,26.70,995.50,78.00,152.50,5.20,8.30,24.70
54472,海城,20240811155100,16.10,998.90,29.50,28.70,9.30,1.30,32.10
54476,熊岳,20240811155100,34.60,999.50,33.40,322.20,3.40,15.40,12.40
54486,岫岩,20240811155100,16.10,1001.00,27.00,313.20,9.00,1.70,5.60
54493,宽甸,20240811155100,30.40,975.60,57.40,87.20,6.30,12.60,34.90
54497,丹东,20240811155100,16.70,990.90,54.80,12.90,9.80,4.30,1.60
54563,瓦房店,20240811155100,24.10,1006.80,39.00,169.00,6.30,15.60,11.20
54579,长海,20240811155100,14.80,977.10,58.90,246.10,3.30,3.90,34.50
54584,庄河,20240811155100,27.30,1011.60,95.40,193.00,2.40,12.80,0.20
54660,旅顺,20240811155100,8.90,983.40,90.30,120.70,4.30,5.10,8.80
54662,大连,20240811155100,4.40,979.50,10.40,23.70,6.30,2.60,27.90
50425,额尔古纳市,20240811155100,17.90,972.30,69.20,242.90,4.60,10.10,9.00
50434,图里河,20240811155100,17.90,1039.20,73.60,105.50,0.90,10.20,18.50
50514,满洲里,20240811155100,23.50,997.00,53.90,227.70,5.60,4.20,23.60
50527,海拉尔,20240811155100,0.10,979.30,52.40,59.70,8.80,6.00,3.50
50548,小二沟,20240811155100,5.40,1022.70,21.40,88.30,0.20,1.80,11.20
50603,新巴尔虎右旗,20240811155100,4.80,1009.10,20.20,287.90,8.40,3.00,33.40
50618,新巴尔虎左旗,20240811155100,9.50,1018.40,71.90,18.20,5.40,1.80,5.90
50632,博克图,20240811155100,6.20,1020.00,69.50,211.40,4.60,9.10,26.30
50639,扎兰屯,20240811155100,3.40,1025.20,99.80,53.80,3.10,8.50,22.10
50727,阿尔山,20240811155100,23.30,1007.50,38.50,303.30,6.70,4.00,31.20
50834,索伦,20240811155100,10.30,1048.20,99.90,74.80,6.70,3.00,8.20
50838,乌兰浩特,20240811155100,7.30,962.90,84.20,83.60,8.10,6.90,10.20
50915,东乌珠穆沁,20240811155100,22.90,1021.30,46.50,201.40,1.70,5.60,10.40
50924,霍林郭勒,20240811155100,4.80,1003.30,57.80,93.30,6.00,0.30,31.80
52267,额济纳旗,20240811155100,32.90,1045.50,18.20,218.20,3.80,6.10,8.20
52495,巴彦诺尔公,20240811155100,25.50,955.20,46.50,173.00,3.30,1.90,16.60
52576,阿右旗,20240811155100,21.60,1010.00,32.00,214.60,1.30,13.80,11.20
53068,二连浩特,20240811155100,23.20,960.60,66.80,233.00,9.10,4.60,1.50
53083,那仁宝力格,20240811155100,25.10,1026.20,23.30,263.10,1.70,6.80,1.30
53149,满都拉气象站,20240811155100,30.70,1034.90,74.80,116.40,5.30,5.30,9.50
53192,阿巴嘎旗,20240811155100,33.80,1032.40,21.30,235.70,2.40,11.40,5.50
53195,苏尼特左旗,20240811155100,24.00,1042.40,76.70,217.20,3.00,4.70,5.50
53276,朱日和,20240811155100,27.30,998.60,82.20,22.40,4.80,6.80,0.70
53336,乌拉特中旗,20240811155100,21.70,1027.60,62.10,52.50,7.70,10.10,4.10
53352,达茂旗气象局,20240811155100,33.10,1028.60,23.60,112.10,1.00,3.00,27.80
53362,四子王,20240811155100,18.60,983.60,98.50,322.80,6.00,0.40,20.10
53367,希拉穆仁气侯站,20240811155100,24.20,999.20,20.80,61.50,7.80,15.00,39.10
53391,化德,20240811155100,12.80,1043.80,29.90,169.50,1.40,13.20,17.20
53446,包头市气象台,20240811155100,19.20,1049.30,51.40,187.50,7.90,6.20,14.80
53463,呼和浩特,20240811155100,29.10,995.20,37.90,112.70,8.80,2.40,35.60
53480,集宁,20240811155100,9.80,976.90,90.90,344.20,6.10,15.70,5.70
53502,吉兰太,20240811155100,33.90,984.70,60.10,166.90,3.80,8.00,16.40
53513,临河,20240811155100,30.20,1042.40,38.90,199.60,1.70,5.50,22.30
53529,鄂托克旗,20240811155100,14.80,985.70,77.20,318.90,1.00,11.10,26.80
53543,东胜,20240811155100,10.00,966.70,77.60,335.10,3.60,12.50,39.30
53547,乌审召,20240811155100,14.70,1030.20,20.30,88.80,0.20,8.40,10.90
53602,阿拉善左旗,20240811155100,4.00,965.60,72.60,164.40,8.00,11.50,4.10
54012,西乌珠穆沁,20240811155100,19.90,962.20,46.40,259.70,3.10,10.80,13.80
54026,扎鲁特,20240811155100,4.30,1019.10,40.60,14.40,5.90,2.30,29.50
54027,巴林左旗,20240811155100,24.50,1016.80,54.00,4.50,2.30,8.30,8.50
54102,锡林浩特,20240811155100,12.70,1009.90,99.50,341.70,5.50,10.10,26.10
54115,林西县,20240811155100,18.70,958.80,75.40,293.60,1.00,7.10,33.30
54134,开鲁,20240811155100,29.10,1035.90,72.30,198.70,5.10,11.00,13.10
54135,通辽,20240811155100,21.00,986.50,37.80,245.70,3.30,13.80,10.20
54208,多伦县,20240811155100,10.80,1036.20,94.00,328.50,6.10,9.50,25.40
54213,翁牛特旗,20240811155100,21.90,1040.80,26.80,155.60,9.60,8.20,9.30
54218,赤峰,20240811155100,5.80,1004.50,27.80,35.10,0.50,0.20,33.80
54226,宝国吐,20240811155100,5.80,988.40,96.90,71.80,4.90,15.90,37.50
53519,惠农,20240811155100,8.40,951.80,43.00,234.30,3.20,1.00,38.00
53612,吴忠,20240811155100,24.30,980.50,83.50,1.40,1.30,9.50,37.10
53614,银川,20240811155100,6.10,1022.90,81.60,51.90,7.50,2.60,7.00
53615,陶乐,20240811155100,3.20,984.80,60.90,194.00,3.20,11.00,25.80
53704,中卫,20240811155100,8.10,993.00,58.50,116.80,0.00,13.50,31.10
53705,中宁,20240811155100,13.20,983.70,34.30,7.70,4.20,15.80,9.20
53723,盐池,20240811155100,0.70,978.50,91.50,352.00,1.50,3.10,3.90
53806,海原,20240811155100,24.20,987.70,51.00,27.40,7.80,15.10,21.40
53810,同心,20240811155100,21.00,1000.10,52.40,344.40,8.30,4.90,21.20
53817,固原,20240811155100,23.30,967.70,17.50,311.50,1.40,15.80,39.30
53903,西吉,20240811155100,15.90,1024.90,73.70,26.80,3.40,13.20,18.90
53910,六盘山,20240811155100,15.10,958.30,72.80,224.30,1.20,5.00,6.90
51886,茫崖,20240811155100,34.00,966.10,38.30,325.30,1.50,6.70,24.90
52602,冷湖,20240811155100,0.00,996.90,71.30,313.40,9.80,0.80,20.10
52633,托勒,20240811155100,26.20,965.80,64.60,177.30,5.90,2.30,4.20
52645,野牛沟,20240811155100,29.60,1013.50,58.30,224.70,7.00,12.30,4.30
52657,祁连,20240811155100,13.30,1035.40,91.20,212.50,6.70,2.80,17.80
52707,小灶火,20240811155100,28.40,1030.70,52.70,58.50,2.80,7.20,7.10
52713,大柴旦,20240811155100,27.60,973.20,27.20,9.10,9.10,13.10,26.40
52737,德令哈,20240811155100,25.20,960.60,45.80,224.80,4.20,7.30,4.80
52754,刚察,20240811155100,31.40,1025.70,24.30,359.90,1.10,10.70,12.50
52765,门源,20240811155100,23.00,1015.50,45.50,326.50,1.50,15.50,25.00
52818,格尔木,20240811155100,14.30,972.70,57.30,227.00,6.00,9.70,31.30
52825,诺木洪,20240811155100,0.30,956.80,77.70,40.50,7.50,14.80,20.60
52833,乌兰,20240811155100,11.90,1028.10,15.40,143.30,3.80,13.70,18.50
52836,都兰,20240811155100,15.10,1030.40,11.00,3.20,1.20,8.50,4.90
52842,茶卡,20240811155100,7.70,990.00,99.90,182.20,8.00,12.40,9.20
52856,共和,20240811155100,24.00,1012.10,35.70,19.50,4.20,0.70,20.00
52866,西宁,20240811155100,31.70,1017.50,75.80,3.80,0.80,5.20,22.30
52868,贵德,20240811155100,24.90,996.10,40.80,40.00,6.60,7.80,38.40
52876,民和,20240811155100,18.00,1013.60,33.30,60.90,8.80,4.40,3.10
52908,五道梁,20240811155100,1.80,950.80,37.60,136.00,8.20,3.30,35.50
52943,兴海,20240811155100,12.40,982.00,50.80,119.30,4.70,14.60,3.10
52955,贵南,20240811155100,10.60,997.90,15.40,245.50,4.00,5.50,0.70
52974,同仁,20240811155100,30.80,1023.30,79.20,74.00,2.10,5.70,14.90
56004,托托河,20240811155100,1.00,1031.40,28.10,147.80,2.20,1.70,39.10
56018,杂多,20240811155100,0.60,954.20,94.60,278.00,6.30,5.40,37.30
56021,曲麻莱,20240811155100,31.00,982.10,85.60,141.80,5.20,0.30,27.30
56029,玉树,20240811155100,14.40,967.80,63.30,295.50,6.30,1.70,9.50
56033,玛多,20240811155100,18.50,1025.40,64.50,264.70,6.80,13.80,7.70
56034,清水河,20240811155100,9.30,1048.70,86.80,9.90,2.90,9.50,3.20
56043,玛沁,20240811155100,4.40,1012.10,75.70,125.50,9.40,15.40,22.50
56046,达日,20240811155100,4.60,957.70,39.90,24.30,0.70,4.40,39.80
56065,河南,20240811155100,27.00,976.10,74.50,300.70,1.50,13.00,5.40
56067,久治,20240811155100,8.60,996.80,93.20,27.90,5.50,15.20,33.00
56125,囊谦,20240811155100,13.70,981.90,76.20,158.10,4.10,8.00,38.80
56151,班玛,20240811155100,18.50,988.60,31.40,303.40,6.30,2.50,2.90
54715,陵县,20240811155100,7.00,964.90,37.90,269.20,1.00,10.40,10.00
54725,惠民,20240811155100,17.70,981.50,65.40,171.30,3.50,7.80,34.40
54727,章丘,20240811155100,9.30,1049.10,77.50,138.00,6.20,2.90,11.30
54744,垦利,20240811155100,0.30,980.90,60.20,359.10,4.70,15.60,17.70
54751,长岛,20240811155100,21.20,988.10,25.80,228.40,3.00,5.70,17.70
54753,龙口,20240811155100,34.00,986.10,87.70,91.70,2.80,6.30,18.30
54764,福山,20240811155100,1.40,987.40,32.70,345.90,1.70,0.20,39.10
54774,威海,20240811155100,7.90,1044.40,80.40,273.50,0.50,12.60,32.60
54776,成山头,20240811155100,10.30,977.40,55.50,331.50,5.50,5.30,0.00
54808,莘县,20240811155100,3.70,965.00,77.70,67.70,6.30,8.60,34.70
54823,济南,20240811155100,19.20,1024.10,88.20,20.80,1.50,4.90,6.70
54826,泰山,20240811155100,18.20,1026.40,61.00,1.20,0.80,3.40,34.70
54836,沂源,20240811155100,1.30,1037.30,22.50,296.60,4.70,4.00,23.40
54842,平度,20240811155100,10.50,974.50,33.40,29.20,4.70,12.30,12.20
54843,潍坊,20240811155100,6.00,1002.10,12.10,90.20,6.20,2.30,31.00
54857,青岛,20240811155100,22.80,981.20,37.70,336.20,7.60,1.90,17.40
54863,海阳,20240811155100,3.60,955.40,87.30,320.20,7.90,5.80,16.80
54909,定陶,20240811155100,7.80,983.00,95.40,153.30,7.50,14.00,22.60
54916,兖州,20240811155100,32.20,1015.50,30.00,93.30,7.60,8.10,18.70
54929,费县,20240811155100,24.10,952.40,39.80,256.90,3.60,10.70,28.30
54936,莒县,20240811155100,16.50,1026.70,45.80,225.30,7.30,8.30,25.50
54945,日照,20240811155100,20.20,1048.20,97.60,283.00,1.20,1.00,31.60
58034,郯城,20240811155100,19.00,992.30,99.40,351.40,7.80,15.40,39.90
53478,右玉,20240811155100,20.50,1041.50,18.70,19.80,9.10,4.50,31.90
53487,大同,20240811155100,32.90,1036.40,80.20,209.60,3.10,10.00,35.00
53490,天镇,20240811155100,25.40,959.60,90.50,80.80,7.80,13.30,39.10
53564,河曲,20240811155100,9.20,956.40,10.70,13.40,3.90,0.10,4.90
53578,朔州,20240811155100,6.70,1004.70,14.80,332.40,1.40,2.70,32.20
53579,代县,20240811155100,25.50,1032.40,14.10,28.40,8.90,12.40,38.10
53588,五台山,20240811155100,7.20,955.60,58.30,227.70,5.20,8.80,23.70
53594,灵邱,20240811155100,23.20,1007.40,62.80,312.50,9.00,0.70,1.10
53663,五寨,20240811155100,17.90,974.00,76.00,114.60,8.70,6.10,7.10
53664,兴县,20240811155100,30.30,970.00,94.50,25.80,2.50,2.70,14.30
53673,原平,20240811155100,16.40,1008.30,37.60,218.60,9.10,3.90,1.50
53687,平定,20240811155100,9.60,969.90,60.50,287.80,7.30,14.50,35.50
53764,离石,20240811155100,31.30,1017.30,46.70,54.40,6.50,5.90,9.10
53772,太原,20240811155100,0.50,1029.20,91.40,135.80,9.30,5.90,36.90
53775,太谷,20240811155100,7.00,1009.80,56.40,248.40,3.30,6.00,22.20
53787,榆社,20240811155100,7.50,1035.10,39.00,42.10,0.20,7.50,5.10
53853,隰县,20240811155100,22.60,988.00,55.90,89.10,0.50,0.60,18.80
53859,吉县,20240811155100,2.10,955.70,57.90,122.80,0.20,2.50,18.60
53863,介休,20240811155100,29.50,965.60,75.50,236.50,0.70,13.90,0.10
53868,临汾,20240811155100,19.00,961.10,77.50,271.70,6.20,4.50,29.00
53877,安泽,20240811155100,31.50,1046.00,39.40,169.30,9.30,9.30,13.60
53882,长治,20240811155100,19.80,1043.10,62.40,72.10,8.80,7.50,34.90
53884,襄坦,20240811155100,24.00,955.20,18.80,173.70,0.90,3.50,5.40
53959,运城,20240811155100,1.80,1026.70,20.70,246.00,3.00,2.30,37.80
53963,侯马,20240811155100,34.50,1024.80,42.00,206.20,6.10,3.40,10.70
53968,垣曲,20240811155100,25.40,986.70,24.30,20.40,5.00,12.00,12.60
53975,阳城,20240811155100,18.90,977.50,32.70,338.10,8.00,6.70,31.90
57052,永济,20240811155100,3.90,971.50,42.50,310.90,3.40,1.30,36.90
53646,榆林,20240811155100,6.40,961.60,99.90,290.90,1.60,4.00,12.30
53651,神木,20240811155100,7.70,1048.60,83.00,218.30,0.60,7.40,38.80
53725,定边,20240811155100,30.60,964.60,76.60,134.70,7.30,1.30,32.90
53735,靖边,20240811155100,30.30,961.30,94.80,49.40,2.80,12.50,0.30
53738,吴旗,20240811155100,16.20,1015.80,27.30,37.80,2.60,11.20,4.00
53740,横山,20240811155100,9.30,964.40,36.30,177.20,8.30,15.40,35.60
53754,绥德,20240811155100,28.90,1012.00,14.40,229.70,6.60,9.00,4.50
53845,延安,20240811155100,28.90,955.50,37.40,39.30,2.00,1.40,8.70
53854,延长,20240811155100,9.80,979.90,14.30,326.20,5.80,4.80,4.10
53929,长武,20240811155100,23.40,1029.20,78.10,37.90,3.70,3.60,15.20
53942,洛川,20240811155100,32.00,1009.00,80.80,36.10,1.00,8.40,25.80
53948,蒲城,20240811155100,2.80,1046.60,10.30,286.80,7.30,11.70,1.30
53955,韩城,20240811155100,9.40,1030.30,75.20,14.20,0.30,1.50,15.70
57003,陇县,20240811155100,6.10,956.30,95.00,149.70,5.60,15.10,27.70
57025,凤翔,20240811155100,19.50,967.90,52.90,251.70,7.00,0.90,7.80
57028,太白,20240811155100,23.20,1039.30,28.80,346.10,1.10,11.20,32.90
57030,永寿,20240811155100,28.40,992.10,79.40,327.80,2.50,2.60,17.30
57034,武功,20240811155100,2.80,974.20,73.00,134.10,5.70,0.00,39.00
57037,耀县,20240811155100,6.50,1036.30,36.70,261.00,9.40,0.80,27.90
57046,华山,20240811155100,16.40,1023.70,95.70,264.90,8.20,11.80,11.00
57048,秦都,20240811155100,24.30,1029.00,89.10,277.80,6.30,4.50,0.80
57049,华县,20240811155100,33.80,968.30,68.10,266.80,2.50,6.30,36.10
57106,略阳,20240811155100,33.50,1019.50,75.20,90.00,1.00,9.10,26.30
57124,留坝,20240811155100,0.50,1047.20,74.20,122.10,6.10,5.20,27.00
57127,汉中,20240811155100,14.40,955.00,18.00,98.90,9.20,8.30,11.90
57131,泾河,20240811155100,25.50,990.80,18.00,169.60,9.20,5.30,31.60
57134,佛坪,20240811155100,26.90,977.70,47.80,35.60,2.40,2.20,5.70
57140,柞水,20240811155100,33.50,1000.50,47.20,349.20,7.70,9.40,31.30
57143,商县,20240811155100,34.10,971.80,63.60,108.70,6.80,11.60,7.60
57144,镇安,20240811155100,6.20,969.20,64.80,172.00,0.00,6.80,16.80
57154,商南,20240811155100,19.40,1034.10,78.40,346.60,7.00,15.40,22.20
57211,宁强,20240811155100,9.50,1014.80,73.10,278.20,5.40,2.30,22.60
57232,石泉,20240811155100,13.30,997.00,39.10,67.40,8.80,14.70,11.30
57238,镇巴,20240811155100,10.90,1019.60,39.00,312.10,8.80,13.00,39.30
57245,安康,20240811155100,29.00,1017.00,36.10,213.70,1.10,3.80,0.30
57343,镇坪,20240811155100,28.40,981.20,57.70,288.10,1.30,0.90,1.50
58362,宝山,20240811155100,21.90,956.40,44.10,95.40,3.40,1.20,38.10
56038,石渠,20240811155100,12.50,981.20,89.40,8.40,0.80,12.40,35.70
56079,若尔盖,20240811155100,14.60,982.60,15.10,68.80,9.60,3.20,2.50
56144,德格,20240811155100,26.00,996.20,48.00,299.40,2.70,15.80,27.50
56146,甘孜,20240811155100,24.00,981.90,89.00,325.90,3.50,0.30,21.30
56152,色达,20240811155100,17.20,1011.50,59.40,39.70,7.90,0.10,8.10
56167,道孚,20240811155100,23.70,1017.70,23.80,353.50,0.40,10.10,17.60
56172,马尔康,20240811155100,25.00,970.60,90.10,301.20,6.80,10.20,0.60
56173,红原,20240811155100,34.50,979.20,33.30,178.70,6.30,15.50,24.60
56178,小金,20240811155100,4.80,1025.80,41.20,72.00,2.60,7.80,26.90
56182,松潘,20240811155100,25.50,1029.90,85.00,224.50,7.70,10.10,13.20
56187,温江,20240811155100,23.30,978.20,30.80,23.30,4.00,3.00,39.80
56188,都江堰,20240811155100,20.90,1014.40,40.40,305.60,8.80,3.00,4.40
56196,绵阳,20240811155100,20.30,976.50,14.20,85.30,2.40,9.40,32.60
56247,巴塘,20240811155100,10.00,966.50,19.50,30.70,1.60,14.60,15.20
56251,新龙,20240811155100,19.30,973.90,38.50,302.60,7.30,3.30,1.20
56257,理塘,20240811155100,16.40,995.50,41.00,337.50,5.10,4.60,3.10
56287,雅安,20240811155100,29.10,1045.60,57.50,249.40,2.20,7.80,14.80
56357,稻城,20240811155100,29.80,982.40,57.40,54.80,4.10,2.90,0.70
56374,康定,20240811155100,30.80,986.70,86.00,315.10,0.60,15.70,13.00
56385,峨眉山,20240811155100,23.00,984.20,69.40,234.60,5.00,5.60,12.10
56386,乐山,20240811155100,20.10,952.20,55.20,9.30,3.10,10.00,18.70
56459,木里,20240811155100,10.50,995.00,68.70,290.30,7.40,4.10,20.30
56462,九龙,20240811155100,31.80,1048.30,91.00,332.60,5.00,0.20,2.90
56475,越西,20240811155100,25.70,961.90,31.10,118.90,6.20,4.50,33.50
56479,昭觉,20240811155100,1.20,1031.30,40.80,36.50,8.80,8.00,1.00
56485,雷波,20240811155100,26.90,1019.20,55.00,242.40,4.20,3.70,7.90
56492,宜宾,20240811155100,1.90,1005.10,88.20,343.70,3.40,1.20,36.30
56565,盐源,20240811155100,28.40,991.50,79.20,359.30,8.60,2.40,38.20
56571,西昌,20240811155100,0.00,1016.10,36.90,186.40,7.50,11.70,23.00
56666,攀枝花,20240811155100,1.30,1049.00,19.20,93.40,8.20,10.20,11.00
56671,会理,20240811155100,22.70,983.20,78.90,344.60,8.30,7.10,3.50
57206,广元,20240811155100,11.70,1041.50,35.00,25.30,8.20,13.40,24.70
57237,万源,20240811155100,26.90,1025.00,68.10,302.10,1.20,0.30,8.60
57306,阆中,20240811155100,33.90,953.20,96.80,5.40,7.40,6.00,18.80
57313,巴中,20240811155100,20.70,1045.50,89.80,18.60,8.70,3.90,38.40
57314,南部,20240811155100,2.20,996.20,81.90,209.10,7.70,4.90,34.40
57328,达县,20240811155100,21.20,956.30,94.30,253.30,1.40,8.50,35.40
57405,遂宁,20240811155100,27.80,1038.00,69.20,61.70,1.20,10.00,22.30
57411,高坪区,20240811155100,33.70,1037.30,91.10,229.60,8.00,2.10,8.20
57503,东兴区,20240811155100,6.70,1020.00,91.80,174.10,1.40,3.70,23.20
57604,纳溪,20240811155100,4.10,1045.80,87.60,265.50,7.30,11.20,38.80
57608,叙永,20240811155100,3.90,989.70,99.50,186.90,2.90,7.90,3.80
54525,宝坻,20240811155100,9.10,1020.00,66.10,198.00,2.50,3.20,22.80
54527,天津,20240811155100,25.50,978.50,66.20,252.40,3.70,4.00,26.50
54623,塘沽,20240811155100,10.10,1016.90,14.90,269.50,2.70,1.70,15.00
55228,狮泉河,20240811155100,15.30,974.90,79.10,344.40,4.60,1.80,11.40
55248,改则,20240811155100,17.70,1047.70,75.20,272.10,2.90,1.40,30.10
55279,班戈,20240811155100,20.60,953.80,13.00,341.10,2.40,2.40,28.70
55294,安多,20240811155100,16.30,952.50,50.40,46.50,9.40,15.30,36.00
55299,那曲,20240811155100,7.40,1023.10,56.20,182.70,8.00,10.50,2.30
55437,普兰,20240811155100,22.90,974.30,83.70,280.60,2.10,13.00,27.90
55472,申扎,20240811155100,5.20,995.60,48.10,250.90,9.40,10.30,27.20
55493,当雄,20240811155100,7.00,1010.70,41.20,338.40,8.40,13.60,24.90
55569,拉孜,20240811155100,22.90,1042.20,86.10,350.50,5.30,14.30,8.40
55578,日喀则,20240811155100,3.50,1042.90,90.70,351.60,2.40,0.50,32.30
55585,尼木,20240811155100,24.70,958.70,30.20,210.00,4.30,9.50,16.10
55591,拉萨,20240811155100,33.70,1025.00,83.30,316.00,1.00,14.50,14.40
55598,泽当,20240811155100,14.40,986.20,64.50,197.30,3.60,2.60,23.00
55655,聂拉木,20240811155100,28.90,978.10,21.40,222.60,6.20,2.20,14.30
55664,定日,20240811155100,8.70,976.70,51.80,18.40,0.60,9.20,23.60
55680,江孜,20240811155100,24.90,1040.80,79.70,143.80,1.00,11.10,19.80
55681,浪卡子,20240811155100,2.00,1002.80,49.40,316.70,4.20,7.90,34.00
55690,错那,20240811155100,22.80,979.70,92.30,311.90,3.10,11.70,14.60
55696,隆子,20240811155100,29.30,1015.90,38.90,153.20,7.80,6.70,6.90
55773,帕里,20240811155100,13.40,1013.10,65.70,38.50,9.10,1.50,22.40
56106,索县,20240811155100,15.20,993.80,22.20,117.40,6.60,10.90,34.10
56116,丁青,20240811155100,26.10,1000.80,63.40,263.90,5.80,11.70,15.90
56137,昌都,20240811155100,8.90,1009.40,45.70,353.40,0.60,6.60,21.90
56202,嘉黎,20240811155100,8.40,970.50,74.00,322.10,3.60,1.70,0.60
56223,洛隆,20240811155100,18.00,1020.40,13.00,198.20,4.20,4.50,35.60
56227,波密,20240811155100,6.10,1037.40,45.00,42.20,3.40,8.40,21.30
56312,林芝,20240811155100,19.40,994.10,92.40,248.50,8.70,10.10,2.00
56331,左贡,20240811155100,14.30,997.90,49.10,303.00,3.60,11.10,25.10
56434,察隅,20240811155100,2.50,982.80,10.90,110.50,3.30,7.20,23.90
51053,哈巴河,20240811155100,32.70,1029.70,14.70,174.00,2.30,7.70,16.20
51059,吉木乃,20240811155100,10.90,978.10,92.80,75.40,7.40,1.20,3.90
51060,布尔津,20240811155100,6.20,1008.60,41.10,80.70,1.70,15.40,23.70
51068,福海,20240811155100,0.40,1028.50,34.00,267.90,6.60,1.00,13.60
51076,阿勒泰,20240811155100,15.10,1029.40,77.50,357.80,4.30,4.20,11.90
51087,富蕴,20240811155100,11.80,977.20,43.30,2.70,5.30,11.30,33.30
51133,塔城,20240811155100,18.00,1046.60,62.50,259.40,0.40,4.80,20.10
51156,和布克赛尔,20240811155100,32.10,994.30,19.10,257.50,8.00,14.30,0.60
51186,青河,20240811155100,14.60,1048.50,29.40,24.90,7.90,6.90,22.80
51232,阿拉山口,20240811155100,22.20,1024.40,29.90,284.00,1.60,8.40,2.00
51238,博乐,20240811155100,17.10,1029.80,30.50,330.10,1.60,15.00,29.50
51241,托里,20240811155100,7.00,957.10,44.90,49.30,1.40,7.20,22.10
51243,克拉玛依,20240811155100,14.40,967.50,47.90,269.30,6.10,3.40,14.20
51288,北塔山,20240811155100,14.20,979.50,62.20,1.50,3.90,9.30,0.70
51330,温泉,20240811155100,20.70,975.80,52.70,52.90,0.80,9.30,18.20
51334,精河,20240811155100,17.40,1021.50,93.00,49.60,8.60,15.90,18.90
51346,乌苏,20240811155100,25.20,1012.30,66.20,249.90,9.80,14.20,34.40
51358,乌兰乌苏,20240811155100,31.10,971.60,18.60,60.40,1.10,4.10,17.10
51365,蔡家湖,20240811155100,15.30,1003.40,97.80,51.00,9.20,7.80,23.90
51367,呼图壁,20240811155100,20.20,1034.30,57.40,47.60,5.80,0.40,12.40
51379,奇台,20240811155100,9.70,1033.50,31.40,134.90,5.80,6.80,20.00
51431,伊宁,20240811155100,5.60,1027.00,24.40,296.80,8.60,2.30,32.40
51433,尼勒克,20240811155100,20.00,1004.40,79.50,175.30,7.80,11.30,21.50
51437,昭苏,20240811155100,2.30,968.30,75.50,137.50,2.60,6.10,20.40
51463,乌鲁木齐,20240811155100,8.70,968.50,32.80,163.40,2.00,3.40,13.50
51467,巴仑台,20240811155100,2.80,1032.30,73.60,173.40,4.50,11.20,25.40
51469,乌鲁木齐牧试站,20240811155100,23.20,951.50,37.80,293.40,1.10,14.50,28.70
51470,天池,20240811155100,14.00,975.10,80.20,76.50,3.40,2.90,9.20
51477,达坂城,20240811155100,1.10,954.20,64.80,299.80,2.70,4.90,18.40
51495,十三间房,20240811155100,19.70,1042.30,61.90,52.50,9.80,12.70,21.20
51526,库米什,20240811155100,19.40,1029.20,91.80,332.80,0.70,6.90,26.20
51542,巴音布鲁克,20240811155100,31.90,987.40,30.10,86.10,2.50,15.50,37.80
51567,焉耆,20240811155100,26.00,991.70,42.20,47.30,5.90,11.10,22.30
51573,吐鲁番,20240811155100,23.90,990.00,20.70,148.60,7.50,11.80,36.40
51581,鄯善,20240811155100,27.40,1013.80,92.80,357.00,3.00,14.60,5.00
51628,阿克苏,20240811155100,28.90,1019.50,76.40,6.00,2.20,15.70,7.30
51633,拜城,20240811155100,34.70,957.20,95.10,145.90,4.10,15.40,33.20
51639,沙雅,20240811155100,10.30,1019.70,15.50,349.20,9.70,0.20,13.00
51642,轮台,20240811155100,12.40,989.30,89.40,105.00,3.10,6.20,22.00
51644,库车,20240811155100,16.30,1042.10,92.20,160.20,1.60,8.60,1.50
51655,尉犁,20240811155100,29.00,950.30,98.80,303.80,2.80,9.20,9.70
51656,库尔勒,20240811155100,22.10,981.80,28.20,107.40,1.50,5.70,11.80
51701,吐尔尕特,20240811155100,21.40,1035.20,74.90,238.80,4.50,5.50,23.90
51704,阿图什,20240811155100,22.80,1041.80,11.10,124.10,3.90,15.40,39.50
51705,乌恰,20240811155100,0.70,1037.20,21.00,219.80,2.80,5.10,38.80
51709,喀什,20240811155100,15.60,984.30,93.70,82.90,6.10,1.90,25.60
51711,阿合奇,20240811155100,32.60,1020.90,37.40,14.00,6.10,9.50,8.00
51716,巴楚,20240811155100,0.80,977.10,71.90,113.80,8.90,12.30,37.90
51720,柯坪,20240811155100,18.00,961.70,92.60,313.90,4.10,9.70,8.90
51730,阿拉尔,20240811155100,1.90,1004.00,92.90,357.70,8.30,14.70,0.70
51747,塔中,20240811155100,24.40,1033.80,16.30,17.20,4.70,2.90,26.40
51765,铁干里克,20240811155100,11.00,1046.50,34.40,181.80,3.60,13.60,15.60
51777,若羌,20240811155100,22.70,979.90,98.70,270.90,1.60,9.40,20.00
51804,塔什库尔干,20240811155100,0.90,1040.30,59.00,147.90,4.30,7.90,25.60
51810,麦盖提,20240811155100,17.80,1043.80,61.50,62.20,7.70,15.80,34.60
51811,莎车,20240811155100,32.40,952.00,41.00,218.50,8.50,7.40,35.50
51818,皮山,20240811155100,12.30,1027.00,86.40,230.20,6.90,10.30,21.10
51828,和田,20240811155100,18.70,956.90,21.10,349.90,2.40,9.30,17.80
51839,民丰,20240811155100,21.70,1022.50,28.60,84.50,6.30,12.20,21.90
51855,且末,20240811155100,34.00,953.20,71.70,91.70,5.20,8.70,25.40
51931,于田,20240811155100,13.90,993.40,16.10,116.20,5.60,1.70,26.40
52101,巴里坤,20240811155100,2.80,998.10,52.70,256.70,0.20,7.10,6.60
52112,淖毛湖,20240811155100,12.70,1014.40,34.40,79.40,6.90,10.30,39.20
52118,伊吾,20240811155100,18.50,1028.50,66.30,122.50,1.70,4.10,9.40
52203,哈密,20240811155100,27.20,1026.00,94.80,161.10,4.60,6.20,32.60
52313,红柳河,20240811155100,30.30,1033.90,14.20,43.30,7.20,4.20,20.00
56444,德钦,20240811155100,27.50,1021.30,21.90,220.20,0.90,14.30,14.80
56533,贡山,20240811155100,33.10,1009.80,39.20,61.60,8.30,9.60,19.30
56543,香格里拉,20240811155100,5.30,998.90,58.80,57.50,0.10,10.80,13.80
56548,维西,20240811155100,19.80,995.00,71.60,320.30,4.20,7.90,3.60
56586,昭通昭阳,20240811155100,21.40,1033.30,48.80,128.90,4.60,8.70,29.10
56643,六库,20240811155100,15.50,977.10,34.00,328.60,6.90,13.20,25.40
56651,丽江,20240811155100,5.50,1044.00,54.80,315.80,8.10,9.60,8.50
56664,华坪,20240811155100,28.30,1017.60,77.50,248.30,7.90,11.20,8.60
56684,会泽,20240811155100,7.10,1020.30,47.40,243.50,3.60,10.20,12.50
56739,腾冲,20240811155100,33.40,977.00,16.80,144.10,9.30,0.80,32.80
56748,保山隆阳,20240811155100,1.40,1019.30,68.20,251.90,8.50,10.20,2.90
56751,大理,20240811155100,31.90,977.00,66.60,45.40,4.70,0.20,13.70
56763,元谋,20240811155100,32.60,1048.60,67.50,114.70,8.90,4.10,33.40
56768,楚雄,20240811155100,27.70,1016.30,25.90,1.10,3.30,2.80,25.20
56778,昆明,20240811155100,7.80,1008.80,93.20,29.30,3.30,10.70,36.40
56786,沾益,20240811155100,2.10,1034.90,59.40,189.00,2.00,1.20,34.40
56838,瑞丽,20240811155100,16.90,955.40,93.30,219.70,9.20,8.00,9.60
56856,景东,20240811155100,13.10,1026.10,83.00,125.80,2.40,4.20,2.10
56872,太华山,20240811155100,16.00,997.00,17.40,88.80,1.00,0.60,38.10
56875,玉溪红塔,20240811155100,14.60,1012.50,59.80,196.70,7.50,5.20,20.90
56886,泸西,20240811155100,14.70,1015.60,10.50,171.80,6.30,13.80,31.50
56946,耿马,20240811155100,30.50,995.00,26.30,113.70,1.10,7.30,34.70
56950,双江,20240811155100,33.70,973.50,32.10,204.90,5.70,11.50,13.80
56951,临沧,20240811155100,27.00,1005.30,67.10,201.60,7.90,0.10,33.50
56954,澜沧,20240811155100,0.60,971.30,84.40,215.30,2.20,8.90,27.10
56959,景洪,20240811155100,13.50,983.90,73.80,314.00,8.90,2.10,22.90
56964,思茅,20240811155100,0.20,994.60,62.90,89.10,3.40,5.00,14.10
56966,元江,20240811155100,34.30,1029.70,63.10,86.30,5.00,1.40,3.10
56969,勐腊,20240811155100,13.10,1007.60,81.80,128.70,4.10,14.20,24.00
56977,江城,20240811155100,31.50,956.30,26.30,240.00,5.40,12.10,34.10
56985,蒙自,20240811155100,24.50,995.40,12.20,339.90,0.10,12.30,29.10
56986,屏边,20240811155100,8.70,955.30,18.40,33.00,5.00,8.70,34.60
56991,砚山,20240811155100,25.30,1047.30,67.70,103.40,0.10,8.80,32.20
59007,广南,20240811155100,14.50,1036.20,51.40,311.00,2.60,9.80,31.10
58448,临安,20240811155100,23.20,1003.10,40.40,92.80,8.60,11.80,32.70
58450,湖州,20240811155100,13.90,1038.20,67.00,192.60,3.50,2.60,25.60
58457,杭州,20240811155100,23.80,952.50,90.20,69.10,9.90,13.20,12.50
58464,平湖,20240811155100,0.00,1028.00,59.90,184.70,4.20,3.40,15.80
58467,慈溪,20240811155100,27.00,1019.20,66.90,15.30,7.50,6.50,23.30
58472,嵊泗,20240811155100,1.10,1020.30,21.20,275.20,8.50,12.30,23.00
58477,定海,20240811155100,22.30,968.90,83.90,321.10,1.50,11.30,25.40
58543,淳安,20240811155100,6.60,1022.50,43.10,21.80,5.70,1.10,6.60
58549,金华,20240811155100,5.20,1014.50,87.60,352.40,3.70,3.70,2.90
58553,上虞,20240811155100,26.20,972.20,46.20,242.60,7.70,5.50,33.00
58556,嵊州,20240811155100,31.50,991.00,16.10,348.80,5.10,4.00,25.10
58557,义乌,20240811155100,26.80,1009.30,90.50,268.40,7.10,3.60,5.50
58562,鄞县,20240811155100,23.00,1021.90,62.10,133.20,6.40,5.70,0.90
58569,石浦,20240811155100,10.30,959.40,63.80,71.80,6.80,9.30,29.60
58633,衢州,20240811155100,19.50,1028.00,42.60,36.00,9.00,9.90,20.00
58646,丽水,20240811155100,19.10,1003.90,85.10,6.00,8.50,10.80,34.40
58652,仙居,20240811155100,0.60,979.70,45.10,163.60,1.60,7.20,12.10
58665,洪家,20240811155100,8.10,1022.10,83.00,218.60,6.70,4.00,10.40
58666,大陈,20240811155100,28.50,1047.30,80.00,173.30,5.30,1.90,9.30
58667,玉环,20240811155100,29.30,981.80,74.60,103.70,5.80,13.70,29.70
58742,云和,20240811155100,9.50,1005.80,39.30,305.10,5.50,14.50,28.70
58752,瑞安,20240811155100,17.10,1046.90,66.00,40.40,9.10,9.00,14.30
58760,洞头,20240811155100,11.00,951.10,24.70,84.60,3.60,12.00,13.10
57348,奉节,20240811155100,29.00,1043.10,32.40,78.50,4.90,2.20,22.20
57426,梁平,20240811155100,5.90,1022.00,31.90,295.40,3.00,10.50,0.50
57432,万州,20240811155100,28.50,951.00,94.50,310.80,3.10,4.50,26.50
57502,大足,20240811155100,32.20,1014.80,90.80,103.30,1.10,4.70,23.10
57512,合川,20240811155100,9.70,990.70,16.20,198.90,9.00,5.80,37.50
57516,沙坪坝,20240811155100,4.00,1026.10,19.70,219.90,3.30,2.90,30.60
57517,江津,20240811155100,11.30,1023.40,56.30,330.00,9.60,2.80,0.80
57520,长寿,20240811155100,7.70,996.60,22.50,0.20,6.60,7.30,18.70
57523,丰都,20240811155100,7.70,954.10,41.80,337.60,0.00,9.20,16.60
57536,黔江,20240811155100,29.10,972.20,14.10,18.30,8.30,13.00,33.40
57612,綦江,20240811155100,6.80,961.10,54.00,318.30,9.70,10.40,8.30
57633,酉阳,20240811155100,19.50,1006.40,44.40,167.30,3.00,2.90,2.70
